﻿<?xml version="1.0" encoding="utf-8" standalone="yes" ?>
<Window>
    <HorizontalLayout width="800" height="600" bkimage="UISkin1.jpg">
        <List bordersize="2"  name="ListUITaskMgr" width="500" height="400" bkcolor="#FF800080" bkcolor2="#00008080" bordercolor="#00C0C0C0" focusbordercolor="#00808080" itemtextcolor="#FF000000" itemselectedtextcolor="#FF000000" itemselectedbkcolor="#FFC1E3FF" itemhottextcolor="#FF000000" itemhotbkcolor="#FFE9F5FF" itemdisabledtextcolor="#FFCCCCCC" itemdisabledbkcolor="#FFFFFFFF" itembkimage="360SafeRes\button_hover.png">
           <ListHeader height="24" menu="true">
				<ListHeaderItem text="进程名" font="1" width="60" hotimage="file='list_header_hot.png'" pushedimage="file='list_header_pushed.png'" sepimage="file='list_header_sep.png'" sepwidth="1"/>
				<ListHeaderItem text="进程ID" font="1" width="80" hotimage="file='list_header_hot.png'" pushedimage="file='list_header_pushed.png'" sepimage="file='list_header_sep.png'" sepwidth="1"/>
				<ListHeaderItem text="内存大小" font="1" width="80" hotimage="file='list_header_hot.png'" pushedimage="file='list_header_pushed.png'" sepimage="file='list_header_sep.png'" sepwidth="1"/>
				<ListHeaderItem text="CPU占用" font="1" width="80" hotimage="file='list_header_hot.png'" pushedimage="file='list_header_pushed.png'" sepimage="file='list_header_sep.png'" sepwidth="1"/>
				<ListHeaderItem text="进程路径" font="1" width="80" hotimage="file='list_header_hot.png'" pushedimage="file='list_header_pushed.png'" sepimage="file='list_header_sep.png'" sepwidth="1"/>
				<ListHeaderItem text="文件厂商" font="1" width="80" hotimage="file='list_header_hot.png'" pushedimage="file='list_header_pushed.png'" sepimage="file='list_header_sep.png'" sepwidth="1"/>
			</ListHeader>
        </List>
        <Control float="true" pos="25,355,0,0" width="60" height="30" bkimage="duilib.png" />
    </HorizontalLayout>
</Window>
