﻿<?xml version="1.0" encoding="utf-8" standalone="yes" ?>
<Window size="982,666">
    <Font name="宋体" size="12" bold="true" italic="false" />
    <HorizontalLayout>
        <VerticalLayout>
            <HorizontalLayout height="100" inset="1,1,0,0">
                <Container bkimage="examine_background.bmp">
                    <Control bkimage="file=&apos;start.png&apos; dest=&apos;14,14,69,69,&apos;" />
                    <Text text="{f 3}您已经有{/f}{f 4}{c #F27D30}8{/c}{/f}{f 3}天没有体检了！{/f}{n}上次体检得分{c #F27D30}{x 4}11{x 4}{/c}分，共发现{c #F27D30}{x 4}4{x 4}{/c}个问题，建议您立即体检。" float="true" pos="80,20,0,0" width="420" height="80" textpadding="2,0,2,0" textcolor="#FF000000" disabledtextcolor="#FFA7A6AA" showhtml="true" align="wrap" />
                </Container>
            </HorizontalLayout>
            <HorizontalLayout inset="20,4,20,0">
                <Text text="{p}{c #999999}360体检将对您的电脑系统进行快速一键扫描，对木马病毒、系统漏洞、恶意插件等问题进行修复，并全面解决潜在的安全风险，提高您的电脑运行速度。{/c}{/p}" width="692" height="562" textpadding="2,0,2,0" textcolor="#FF000000" disabledtextcolor="#FFA7A6AA" showhtml="true" align="wrap" />
                <Button name="ButtonUI3" float="true" pos="57,106,0,0" width="140" height="53" relativepos="50,50,0,0" textcolor="#FF000000" disabledtextcolor="#FFA7A6AA" align="center" normalimage="file=&apos;scanbutton.png&apos; source=&apos;0,0,140,53&apos;" hotimage="file=&apos;scanbutton.png&apos; source=&apos;140,0,280,53&apos;" pushedimage="file=&apos;scanbutton.png&apos; source=&apos;280,0,420,53&apos;" />
                <Button name="ButtonUI5" float="true" pos="95,206,0,0" width="60" height="30" bkimage="C:\Documents and Settings\Administrator\桌面\clear.png" textcolor="#FF000000" disabledtextcolor="#FFA7A6AA" align="center" />
            </HorizontalLayout>
        </VerticalLayout>
        <VerticalLayout width="1" inset="0,1,0,1">
            <Container bkimage="vertical_border.bmp" />
        </VerticalLayout>
        <VerticalLayout width="250" inset="8,15,8,15">
            <HorizontalLayout height="160">
                <Control bkimage="firewall_ok.png" maxheight="48" maxwidth="47" />
                <Text text="{p}{c #2F6F95}{b}木马防火墙正在保护电脑{/b}{/c}{y 20}{n}已拦截系统攻击{c #F27D30}2{/c}次{/p}" float="true" pos="57,0,0,0" width="193" height="50" textpadding="2,0,2,0" textcolor="#FF000000" disabledtextcolor="#FFA7A6AA" showhtml="true" align="wrap" />
                <Button text="fuck" float="true" pos="192,35,0,0" width="36" height="20" textcolor="#FF0680C9" disabledtextcolor="#FFA7A6AA" align="center" normalimage="button_normal.png" hotimage="button_hover.png" pushedimage="button_pushed.png" />
                <Text text="{p}推荐您清理一下电脑的垃圾文件，清理后能{y 15}{n}释放磁盘空间，提高电脑速度。{/p}" float="true" pos="3,66,0,0" width="250" height="90" textpadding="2,0,2,0" textcolor="#FF000000" disabledtextcolor="#FFA7A6AA" showhtml="true" align="wrap" />
                <Button text="立即清理" float="true" pos="162,120,0,0" width="66" height="22" textcolor="#FF0680C9" disabledtextcolor="#FFA7A6AA" align="center" normalimage="button_normal.png" hotimage="button_hover.png" pushedimage="button_pushed.png" />
            </HorizontalLayout>
            <HorizontalLayout height="1">
                <Container bkimage="horizontal_border.bmp" />
            </HorizontalLayout>
            <VerticalLayout height="130" inset="10,10,10,10">
                <Text text="{b}{f 1}功能导航{/f}{b}" float="true" pos="0,13,0,0" width="100" height="15" textpadding="2,0,2,0" textcolor="#FF000000" disabledtextcolor="#FFA7A6AA" showhtml="true" align="wrap" />
                <Option text="1" float="true" pos="150,10,0,0" width="18" height="18" textcolor="#FF000000" disabledtextcolor="#FFA7A6AA" align="center" normalimage="file=&apos;navigationbar.bmp&apos; source=&apos;0,0,18,18&apos;" group="true" selectedimage="file=&apos;navigationbar.bmp&apos; source=&apos;18,0,36,18&apos;" />
                <Option text="2" float="true" pos="170,10,0,0" width="18" height="18" textcolor="#FF000000" disabledtextcolor="#FFA7A6AA" align="center" normalimage="file=&apos;navigationbar.bmp&apos; source=&apos;0,0,18,18&apos;" group="true" selectedimage="file=&apos;navigationbar.bmp&apos; source=&apos;18,0,36,18&apos;" />
                <Option text="3" float="true" pos="190,10,0,0" width="18" height="18" textcolor="#FF000000" disabledtextcolor="#FFA7A6AA" align="center" normalimage="file=&apos;navigationbar.bmp&apos; source=&apos;0,0,18,18&apos;" group="true" selectedimage="file=&apos;navigationbar.bmp&apos; source=&apos;18,0,36,18&apos;" />
                <Option text="4" float="true" pos="210,10,0,0" width="18" height="18" textcolor="#FF000000" disabledtextcolor="#FFA7A6AA" align="center" normalimage="file=&apos;navigationbar.bmp&apos; source=&apos;0,0,18,18&apos;" group="true" selectedimage="file=&apos;navigationbar.bmp&apos; source=&apos;18,0,36,18&apos;" />
                <Text text="{p}{f 5}桌面图标出现异常？{y 20}{n}网络速度越来越慢？{y 20}{n}浏览器访问速度慢？{y 20}{n}开机启动速度太慢？{y 20}{/f}{/p}" float="true" pos="0,28,0,0" width="200" height="180" textpadding="2,0,2,0" textcolor="#FF000000" disabledtextcolor="#FFA7A6AA" showhtml="true" align="wrap" />
                <Text text="{p}{f 5}使用{c #0680C9}系统修复{/c}{y 20}{n}使用{c #0680C9}流量监控{/c}{y 20}{n}使用{c #0680C9}插件管理{/c}{y 20}{n}使用{c #0680C9}开机加速{/c}{y 20}{/f}{/p}" float="true" pos="150,28,0,0" width="250" height="180" textpadding="2,0,2,0" textcolor="#FF000000" disabledtextcolor="#FFA7A6AA" showhtml="true" align="wrap" />
            </VerticalLayout>
            <HorizontalLayout height="1">
                <Container bkimage="horizontal_border.bmp" />
            </HorizontalLayout>
            <VerticalLayout>
                <Text text="{b}{f 1}官方日志{/f}{b}" float="true" pos="0,13,0,0" width="100" height="15" textpadding="2,0,2,0" textcolor="#FF000000" disabledtextcolor="#FFA7A6AA" showhtml="true" align="wrap" />
                <Text text="{p}{c #F27D30}QQ和360已恢复兼容，感谢有您！{/c}{y 20}{n}360董事长周鸿祎：不得不说的话{y 20}{n}360全球首创人工智能杀毒引擎{y 20}{n}电脑卡、慢？专家为你解决，只需20元{y 20}{/p}" float="true" pos="0,28,0,0" width="300" height="472" textpadding="2,0,2,0" textcolor="#FF000000" disabledtextcolor="#FFA7A6AA" showhtml="true" align="wrap" />
            </VerticalLayout>
            <Button float="true" pos="1,268,0,0" width="60" height="30" textcolor="#FF000000" disabledtextcolor="#FFA7A6AA" align="center" />
        </VerticalLayout>
    </HorizontalLayout>
</Window>
